organisationunitname,region_malaria,zone_malaria,normalized,top3_candidates,ADM3_PCODE_suggested,ADM3_PCODE_final,note
Aysita City Admin Woreda,Afar Region,Zone 1 Zone,aysita,Dita|Southern Ethiopi/Gamo|ET071008|score=77 ;; Bita|South West Ethiopia/Kefa|ET110210|score=77 ;; Asayita|Afar/Awsi /Zone 1|ET020103|score=76,,ET020103,auto:in_region(score=76) -> Asayita
Ayssaita Woreda,Afar Region,Zone 1 Zone,ayssaita,Asayita|Afar/Awsi /Zone 1|ET020103|score=80 ;; Dita|Southern Ethiopi/Gamo|ET071008|score=77 ;; Bita|South West Ethiopia/Kefa|ET110210|score=77,,ET020103,auto:in_region(score=80) -> Asayita
Erabti Woreda,Afar Region,Zone 2 Zone,erabti,[SUGGESTED] Erebti|Afar/Kilbati /Zone2|ET020201|score=83 ;; Erebti|Afar/Kilbati /Zone2|ET020201|score=83 ;; Dera (AM)|Amhara/South Gondar|ET030209|score=77 ;; Bati|Amhara/Oromia|ET031002|score=77,ET020201,ET020201,auto:suggested(82-87)
Koneba Woreda,Afar Region,Zone 2 Zone,koneba,Kunneba|Afar/Kilbati /Zone2|ET020202|score=76 ;; Kemba|Southern Ethiopi/Gamo|ET071011|score=72 ;; Konta|South West Ethiopia/Konta Special|ET110601|score=72,,ET020202,auto:in_region(score=76) -> Kunneba
Magale Woreda,Afar Region,Zone 2 Zone,magale,[SUGGESTED] Megale|Afar/Kilbati /Zone2|ET020204|score=83 ;; Ale|Oromia/Ilu Aba Bora|ET040311|score=90 ;; Megale|Afar/Kilbati /Zone2|ET020204|score=83 ;; Alle Special|Southern Ethiopi/Alle|ET071205|score=77,ET020204,ET020204,auto:suggested(82-87)
Wassama Woreda,Afar Region,Zone 2 Zone,wassama,Rama|Tigray/Central|ET010214|score=77 ;; Jama|Amhara/South Wello|ET030414|score=77 ;; Dama|Oromia/Guji|ET041408|score=77,,,auto:no_match_above_floor -> null climate
Abida Woreda,Afar Region,Zone 3 Zone,abida,Sabian|Dire Dawa/Dire Dawa urban|ET150103|score=72 ;; Lagahida|Somali/Erer|ET050407|score=72 ;; May Gaba|Tigray/Western|ET010509|score=67,,,auto:no_match_above_floor -> null climate
Adobtele Town Administration,Afar Region,Zone 3 Zone,adobtele,Ale|Oromia/Ilu Aba Bora|ET040311|score=72 ;; Robe|Oromia/Arsi|ET040812|score=67 ;; Doba|Oromia/West Hararge|ET040902|score=67,,,auto:no_match_above_floor -> null climate
Buremedaytu Woreda,Afar Region,Zone 3 Zone,buremedaytu,Bure (AM)|Amhara/West Gojam|ET030710|score=90 ;; Bura|Sidama/Sidama|ET160024|score=77 ;; Rayitu|Oromia/East Bale|ET042104|score=72,,ET030710,auto:global(score=90) -> Bure (AM)
Galalo Woreda,Afar Region,Zone 3 Zone,galalo,Yalo|Afar/Fanti /Zone 4|ET020404|score=77 ;; Gablalu|Somali/Siti|ET050199|score=76 ;; Kelete Awelallo|Tigray/Eastern|ET010306|score=72,,ET020404,auto:in_region(score=77) -> Yalo
Mebay Woreda,Afar Region,Zone 4 Zone,mebay,Debay Telatgen|Amhara/East Gojam|ET030607|score=72 ;; May Tsebri town|Tigray/North Western|ET010116|score=67 ;; Tsaeda Emba|Tigray/Eastern|ET010314|score=67,,,auto:no_match_above_floor -> null climate
Dalifaghe Woreda,Afar Region,Zone 5 Zone,dalifaghe,[SUGGESTED] Dalefage|Afar/Hari /Zone 5|ET020504|score=82 ;; Dalefage|Afar/Hari /Zone 5|ET020504|score=82 ;; Dale|Sidama/Sidama|ET160004|score=77 ;; Alefa|Amhara/Central Gondar|ET031115|score=72,ET020504,ET020504,auto:suggested(82-87)
Dewe Woreda,Afar Region,Zone 5 Zone,dewe,Dewa Cheffa|Amhara/Oromia|ET031001|score=77 ;; Dewa Harewa|Amhara/Oromia|ET031005|score=77 ;; Dawe|Afar/Hari /Zone 5|ET020503|score=75,,ET020503,auto:in_region(score=75) -> Dawe
Semirobi Woreda,Afar Region,Zone 5 Zone,semirobi,Cobi|Oromia/West Shewa|ET040592|score=77 ;; Samurobi|Afar/Hari /Zone 5|ET020502|score=75 ;; Bui town|Central Ethiopia/Guraghe|ET070117|score=72,,ET020502,auto:in_region(score=75) -> Samurobi
Telalak Woreda,Afar Region,Zone 5 Zone,telalak,[SUGGESTED] Telalek|Afar/Hari /Zone 5|ET020501|score=85 ;; Telalek|Afar/Hari /Zone 5|ET020501|score=85 ;; Kelala town|Amhara/South Wello|ET030426|score=76 ;; Teltale|Oromia/Borena|ET041212|score=71,ET020501,ET020501,auto:suggested(82-87)
Adoado Woreda,Afar Region,Zone 6 Zone,adoado,Adola|Oromia/Guji|ET041403|score=72 ;; Dolo Ado|Somali/Liban|ET050902|score=71 ;; Adwa|Tigray/Central|ET010204|score=67,,,auto:no_match_above_floor -> null climate
Gereni Woreda,Afar Region,Zone 6 Zone,gereni,[SUGGESTED] Gerani|Afar/Awsi /Zone 1|ET020110|score=83 ;; Gerani|Afar/Awsi /Zone 1|ET020110|score=83 ;; Gera|Oromia/Jimma|ET040408|score=77 ;; Erebti|Afar/Kilbati /Zone2|ET020201|score=66,ET020110,ET020110,auto:suggested(82-87)
Kilelu Woreda,Afar Region,Zone 6 Zone,kilelu,Illu Galan|Oromia/West Shewa|ET040500|score=72 ;; Ilu|Oromia/South West Shewa|ET041305|score=72 ;; Lalo Kile|Oromia/Kelem Wellega|ET041811|score=72,,,auto:no_match_above_floor -> null climate
Sibaybi Woreda,Afar Region,Zone 6 Zone,sibaybi,Bui town|Central Ethiopia/Guraghe|ET070117|score=72 ;; Babo|Oromia/West Wellega|ET040111|score=67 ;; Zayi|Benishangul Gumz/Kamashi|ET060401|score=67,,,auto:no_match_above_floor -> null climate
Yangude Woreda,Afar Region,Zone 6 Zone,yangude,Sude|Oromia/Arsi|ET040808|score=77 ;; Gode|Somali/Shabelle|ET050604|score=67 ;; Gudetu Kondole|Oromia/West Wellega|ET040109|score=65,,,auto:no_match_above_floor -> null climate
Dangla Zuria Woreda,Amhara Region,Awi Zone,dangla zuria,[SUGGESTED] Dangila|Amhara/Awi|ET030901|score=83 ;; Dangila|Amhara/Awi|ET030901|score=83 ;; Dila Zuria|Southern Ethiopi/Gedeo|ET070505|score=81 ;; Dano|Oromia/West Shewa|ET040507|score=77,ET030901,ET030901,auto:suggested(82-87)
Fagitalekoma Woreda,Amhara Region,Awi Zone,fagitalekoma,[SUGGESTED] Fagta Lakoma|Amhara/Awi|ET030905|score=83 ;; Ale|Oromia/Ilu Aba Bora|ET040311|score=90 ;; Fagta Lakoma|Amhara/Awi|ET030905|score=83 ;; Homa|Oromia/West Wellega|ET040117|score=77,ET030905,ET030905,auto:suggested(82-87)
Cetral Armachiho Woreda,Amhara Region,Central Gondar Zone,cetral armachiho,Masero Denb /Central Armacho|Amhara/Central Gondar|ET031119|score=81 ;; Chiro town|Oromia/West Hararge|ET040905|score=72 ;; Cheta|South West Ethiopia/Kefa|ET110207|score=72,,ET031119,auto:in_region(score=81) -> Masero Denb /Central Armacho
Nebaru Chilga Woreda,Amhara Region,Central Gondar Zone,nebaru chilga,[SUGGESTED] Chilga 1|Amhara/Central Gondar|ET031106|score=85 ;; Chilga 1|Amhara/Central Gondar|ET031106|score=85 ;; Chilga 2|Amhara/Central Gondar|ET031112|score=85 ;; Chila|Tigray/Central|ET010201|score=76,ET031106,ET031106,auto:suggested(82-87)
Wogera Woreda,Amhara Region,Central Gondar Zone,wogera,[SUGGESTED] Fogera|Amhara/South Gondar|ET030203|score=83 ;; Gera|Oromia/Jimma|ET040408|score=90 ;; Fogera|Amhara/South Gondar|ET030203|score=83 ;; Wegera|Amhara/Central Gondar|ET031109|score=83,ET030203,ET030203,auto:suggested(82-87)
Debaytilatgin Woreda,Amhara Region,East Gojjam Zone,debaytilatgin,Debay Telatgen|Amhara/East Gojam|ET030607|score=81 ;; Debark|Amhara/North Gondar|ET030104|score=72 ;; Dera (AM)|Amhara/South Gondar|ET030209|score=67,,ET030607,auto:in_region(score=81) -> Debay Telatgen
Gozamin Woreda,Amhara Region,East Gojjam Zone,gozamin,Guzamn|Amhara/East Gojam|ET030610|score=76 ;; Gog|Gambela/Agnewak|ET120203|score=72 ;; Goma|Oromia/Jimma|ET040407|score=67,,ET030610,auto:in_region(score=76) -> Guzamn
Machakel Woreda,Amhara Region,East Gojjam Zone,machakel,[SUGGESTED] Michakel|Amhara/East Gojam|ET030609|score=87 ;; Michakel|Amhara/East Gojam|ET030609|score=87 ;; Aykel town|Amhara/Central Gondar|ET031199|score=80 ;; Mecha|Amhara/West Gojam|ET030704|score=72,ET030609,ET030609,auto:suggested(82-87)
Sedie Woreda,Amhara Region,East Gojjam Zone,sedie,Sede Muja|Amhara/South Gondar|ET030214|score=80 ;; Sedae|Amhara/East Gojam|ET030619|score=80 ;; Seden Sodo|Oromia/South West Shewa|ET041310|score=80,,ET030214,auto:in_region(score=80) -> Sede Muja
Sinan Woreda,Amhara Region,East Gojjam Zone,sinan,Sinana|Oromia/Bale|ET041109|score=90 ;; Borena /Debresina|Amhara/South Wello|ET030412|score=80 ;; Debre Sina town|Amhara/North Shewa (AM)|ET030527|score=80,,ET030412,auto:in_region(score=80) -> Borena /Debresina
Gonji Kollela Woreda,Amhara Region,North Gojjam zone,gonji kollela,Gonje|Amhara/West Gojam|ET030718|score=80 ;; Kelela|Amhara/South Wello|ET030413|score=72 ;; Gog|Gambela/Agnewak|ET120203|score=72,,ET030718,auto:in_region(score=80) -> Gonje
North Achefer Woreda,Amhara Region,North Gojjam zone,north achefer,North Ari|Southern Ethiopi/South Omo|ET070703|score=72 ;; Aheferom|Tigray/Central|ET010202|score=72 ;; Ferfer|Somali/Shabelle|ET050607|score=72,,ET030701,override: Semen Achefer (Semen=North in Amharic)
South Achefer Woreda,Amhara Region,North Gojjam zone,south achefer,South Ari|Southern Ethiopi/South Omo|ET070702|score=72 ;; Aheferom|Tigray/Central|ET010202|score=72 ;; Ferfer|Somali/Shabelle|ET050607|score=72,,ET030713,override: Debub Achefer (Debub=South in Amharic)
Angolela Tara Woreda,Amhara Region,North Shewa Zone,angolela tara,[SUGGESTED] Angolelana Tera|Amhara/North Shewa (AM)|ET030513|score=85 ;; Angolelana Tera|Amhara/North Shewa (AM)|ET030513|score=85 ;; Angot|Amhara/North Wello|ET030313|score=80 ;; Awra (TG)|Tigray/Western|ET010507|score=77,ET030513,ET030513,auto:suggested(82-87)
Antsokia Gemiza Woreda,Amhara Region,North Shewa Zone,antsokia gemiza,[SUGGESTED] Antsokiya|Amhara/North Shewa (AM)|ET030507|score=84 ;; Antsokiya|Amhara/North Shewa (AM)|ET030507|score=84 ;; Angot|Amhara/North Wello|ET030313|score=67 ;; Sofi|Harari/Harari|ET130101|score=67,ET030507,ET030507,auto:suggested(82-87)
Kewot Woreda,Amhara Region,North Shewa Zone,kewot,Kewet|Amhara/North Shewa (AM)|ET030512|score=80 ;; Kawo Koisha|Southern Ethiopi/Wolayita|ET070620|score=60 ;; Meket|Amhara/North Wello|ET030304|score=60,,ET030512,auto:in_region(score=80) -> Kewet
Menz Keya Gebreal Woreda,Amhara Region,North Shewa Zone,menz keya gebreal,[SUGGESTED] Menze Keya Gabriel|Amhara/North Shewa (AM)|ET030521|score=85 ;; Menze Keya Gabriel|Amhara/North Shewa (AM)|ET030521|score=85 ;; Ale|Oromia/Ilu Aba Bora|ET040311|score=72 ;; Bora (TG)|Tigray/Southern|ET010402|score=67,ET030521,ET030521,auto:suggested(82-87)
Dawa Chefa Woreda,Amhara Region,Oromia Special Zone,dawa chefa,[SUGGESTED] Dewa Cheffa|Amhara/Oromia|ET031001|score=85 ;; Dewa Cheffa|Amhara/Oromia|ET031001|score=85 ;; Dawe|Afar/Hari /Zone 5|ET020503|score=77 ;; Dawo|Oromia/South West Shewa|ET041304|score=77,ET031001,ET031001,auto:suggested(82-87)
Jile Timuga Woreda,Amhara Region,Oromia Special Zone,jile timuga,[SUGGESTED] Jilye Tumuga|Amhara/Oromia|ET031003|score=86 ;; Jilye Tumuga|Amhara/Oromia|ET031003|score=86 ;; Mile|Afar/Awsi /Zone 1|ET020105|score=67 ;; Bugna|Amhara/North Wello|ET030301|score=67,ET031003,ET031003,auto:suggested(82-87)
Ebinat Woreda,Amhara Region,South Gondar Zone,ebinat,[SUGGESTED] Ebenat|Amhara/South Gondar|ET030201|score=83 ;; Ebenat|Amhara/South Gondar|ET030201|score=83 ;; Siya Debirna Wayu|Amhara/North Shewa (AM)|ET030523|score=75 ;; Bita|South West Ethiopia/Kefa|ET110210|score=67,ET030201,ET030201,auto:suggested(82-87)
Estie Woreda,Amhara Region,South Gondar Zone,estie,Saesie|Tigray/Eastern|ET010303|score=72 ;; Dessie town|Amhara/South Wello|ET030418|score=72 ;; Siltie|Central Ethiopia/Siltie|ET072002|score=72,,ET030418,auto:in_region(score=72) -> Dessie town
Simada Woreda,Amhara Region,South Gondar Zone,simada,[SUGGESTED] Semada|Amhara/South Gondar|ET030207|score=83 ;; Semada|Amhara/South Gondar|ET030207|score=83 ;; Adwa|Tigray/Central|ET010204|score=77 ;; Adar|Afar/Awsi /Zone 1|ET020109|score=77,ET030207,ET030207,auto:suggested(82-87)
Tehuledre Woreda,Amhara Region,South Wollo Zone,tehuledre,[SUGGESTED] Thehulederie|Amhara/South Wello|ET030405|score=85 ;; Thehulederie|Amhara/South Wello|ET030405|score=85 ;; Dire|Oromia/Borena|ET041211|score=77 ;; Teru|Afar/Fanti /Zone 4|ET020403|score=67,ET030405,ET030405,auto:suggested(82-87)
Wogidi Woreda,Amhara Region,South Wollo Zone,wogidi,Dig|Somali/Jarar|ET050399|score=72 ;; Gidi Bench|South West Ethiopia/Bench Sheko|ET110306|score=72 ;; Gidami|Oromia/Kelem Wellega|ET041809|score=66,,,auto:no_match_above_floor -> null climate
Worebabo Woreda,Amhara Region,South Wollo Zone,worebabo,[SUGGESTED] Worebabu|Amhara/South Wello|ET030422|score=87 ;; Babo|Oromia/West Wellega|ET040111|score=90 ;; Worebabu|Amhara/South Wello|ET030422|score=87 ;; Ababo|Oromia/Horo Gudru Wellega|ET041904|score=80,ET030422,ET030422,auto:suggested(82-87)
Woreilu Woreda,Amhara Region,South Wollo Zone,woreilu,[SUGGESTED] Wereilu town|Amhara/South Wello|ET030423|score=85 ;; Ilu|Oromia/South West Shewa|ET041305|score=90 ;; Wereilu town|Amhara/South Wello|ET030423|score=85 ;; Were Ilu|Amhara/South Wello|ET030415|score=80,ET030423,ET030423,auto:suggested(82-87)
Sehala Woreda,Amhara Region,Waghimera Zone,sehala,Shala|Oromia/West Arsi|ET041702|score=90 ;; Zala|Southern Ethiopi/Gofa|ET071503|score=77 ;; Asela town|Oromia/Arsi|ET040825|score=72,,ET041702,auto:global(score=90) -> Shala
Tsagibji Woreda,Amhara Region,Waghimera Zone,tsagibji,[SUGGESTED] Tsagbeji|Amhara/Wag Hamra|ET030808|score=87 ;; Tsagbeji|Amhara/Wag Hamra|ET030808|score=87 ;; Gimbi|Oromia/West Wellega|ET040103|score=72 ;; Gibe|Central Ethiopia/Hadiya|ET070210|score=67,ET030808,ET030808,auto:suggested(82-87)
Ziquala Woreda,Amhara Region,Waghimera Zone,ziquala,[SUGGESTED] Zequala|Amhara/Wag Hamra|ET030801|score=85 ;; Zequala|Amhara/Wag Hamra|ET030801|score=85 ;; Zala|Southern Ethiopi/Gofa|ET071503|score=77 ;; Quara|Amhara/West Gondar|ET031214|score=66,ET030801,ET030801,auto:suggested(82-87)
Wenberma Woreda,Amhara Region,West Gojjam Zone,wenberma,[SUGGESTED] Wemberma|Amhara/West Gojam|ET030711|score=87 ;; Wemberma|Amhara/West Gojam|ET030711|score=87 ;; Wembera|Benishangul Gumz/Metekel|ET060203|score=80 ;; Rama|Tigray/Central|ET010214|score=77,ET030711,ET030711,auto:suggested(82-87)
West Armachho Woreda,Amhara Region,West Gondar Zone,west armachho,West Imi|Somali/Afder|ET050805|score=85 ;; Mancho|Oromia/Jimma|ET040490|score=75 ;; Tach Armacho|Amhara/Central Gondar|ET031120|score=72,,ET031120,auto:in_region(score=72) -> Tach Armacho
Abrahamo Woreda,Benishangul Gumuz Region,Assosa Zone,abrahamo,Ambo town|Oromia/West Shewa|ET040515|score=77 ;; Rama|Tigray/Central|ET010214|score=67 ;; Bora (TG)|Tigray/Southern|ET010402|score=67,,,auto:no_match_above_floor -> null climate
Buldigilu Woreda,Benishangul Gumuz Region,Assosa Zone,buldigilu,[SUGGESTED] Bilidigilu|Benishangul Gumz/Assosa|ET060306|score=84 ;; Ilu|Oromia/South West Shewa|ET041305|score=90 ;; Dig|Somali/Jarar|ET050399|score=90 ;; Bilidigilu|Benishangul Gumz/Assosa|ET060306|score=84,ET060306,ET060306,auto:suggested(82-87)
Dambe Woreda,Benishangul Gumuz Region,Kamashi Zone,dambe,Adiss Kidame town|Amhara/Awi|ET030910|score=80 ;; Dembe|Benishangul Gumz/Kamashi|ET060404|score=80 ;; Dembel|Somali/Siti|ET050102|score=72,,ET060404,auto:in_region(score=80) -> Dembe
Mizhiga Woreda,Benishangul Gumuz Region,Kamashi Zone,mizhiga,[SUGGESTED] Mizyiga|Benishangul Gumz/Kamashi|ET060405|score=85 ;; Mizyiga|Benishangul Gumz/Kamashi|ET060405|score=85 ;; Jiga town|Amhara/West Gojam|ET030720|score=77 ;; Diga|Oromia/East Wellega|ET040210|score=77,ET060405,ET060405,auto:suggested(82-87)
Zay Woreda,Benishangul Gumuz Region,Kamashi Zone,zay,[SUGGESTED] Zayi|Benishangul Gumz/Kamashi|ET060401|score=85 ;; Zayi|Benishangul Gumz/Kamashi|ET060401|score=85 ;; Adi Hageray|Tigray/North Western|ET010112|score=72 ;; Zala Anbesa town|Tigray/Eastern|ET010318|score=72,ET060401,ET060401,auto:suggested(82-87)
Mao Komo Zone,Benishangul Gumuz Region,Mao Komo Zone,mao komo zone,Maokomo Special|Benishangul Gumz/Mao Komo Special|ET060508|score=77 ;; Kobo town|Amhara/North Wello|ET030399|score=67 ;; Gonje|Amhara/West Gojam|ET030718|score=67,,ET060508,auto:in_region(score=77) -> Maokomo Special
Pawi Woreda,Benishangul Gumuz Region,Metekel Zone,pawi,Merawi town|Amhara/West Gojam|ET030797|score=77 ;; Liban Jawi|Oromia/West Shewa|ET040597|score=77 ;; Jawi|Amhara/Awi|ET030906|score=75,,ET060206,override: Pawe (i/e transliteration variant)
Buee Town,Central Ethiopian Region,East Gurage Zone,buee,Bure (AM)|Amhara/West Gojam|ET030710|score=75 ;; Bule|Southern Ethiopi/Gedeo|ET070504|score=75 ;; Beyeda|Amhara/North Gondar|ET030102|score=67,,,auto:no_match_above_floor -> null climate
Ennseno Town,Central Ethiopian Region,East Gurage Zone,ennseno,Nenesebo|Oromia/West Arsi|ET041709|score=66 ;; Ensaro|Amhara/North Shewa (AM)|ET030503|score=61 ;; Bedeno|Oromia/East Hararge|ET041013|score=61,,,auto:no_match_above_floor -> null climate
Agena Town,Central Ethiopian Region,Gurage Zone,agena,Gena|South West Ethiopia/Dawuro|ET110404|score=88 ;; Doyogena|Central Ethiopia/Kembata Tembaro|ET070306|score=80 ;; Amigna|Oromia/Arsi|ET040810|score=72,,ET070306,auto:in_region(score=80) -> Doyogena
Arekit Town,Central Ethiopian Region,Gurage Zone,arekit,Lare|Gambela/Nuwer|ET120102|score=77 ;; Areka town|Southern Ethiopi/Wolayita|ET070614|score=72 ;; Police Maret|Dire Dawa/Dire Dawa urban|ET150114|score=72,,,auto:no_match_above_floor -> null climate
Emdibir Town,Central Ethiopian Region,Gurage Zone,emdibir,[SUGGESTED] Emdebir town|Central Ethiopia/Guraghe|ET070116|score=85 ;; Emdebir town|Central Ethiopia/Guraghe|ET070116|score=85 ;; Menze Gera Midir|Amhara/North Shewa (AM)|ET030505|score=61 ;; Menze Mama Midir|Amhara/North Shewa (AM)|ET030509|score=61,ET070116,ET070116,auto:suggested(82-87)
Endegagn Woreda,Central Ethiopian Region,Gurage Zone,endegagn,[SUGGESTED] Endiguagn|Central Ethiopia/Guraghe|ET070108|score=82 ;; Dega|Oromia/Buno Bedele|ET041604|score=90 ;; Endiguagn|Central Ethiopia/Guraghe|ET070108|score=82 ;; Dera (AM)|Amhara/South Gondar|ET030209|score=67,ET070108,ET070108,auto:suggested(82-87)
Gunchire Town,Central Ethiopian Region,Gurage Zone,gunchire,Chire|Sidama/Sidama|ET160014|score=90 ;; Guna|Oromia/Arsi|ET040819|score=77 ;; Sire|Oromia/Arsi|ET040820|score=77,,ET160014,auto:global(score=90) -> Chire
Wolkite Town,Central Ethiopian Region,Gurage Zone,wolkite,[SUGGESTED] Welkite town|Central Ethiopia/Guraghe|ET070114|score=85 ;; Welkite town|Central Ethiopia/Guraghe|ET070114|score=85 ;; Meta Walkite|Oromia/West Shewa|ET040594|score=77 ;; Welkait|Tigray/Western|ET010502|score=71,ET070114,ET070114,auto:suggested(82-87)
Ann Lemo Woreda,Central Ethiopian Region,Hadiya Zone,ann lemo,Lemmo|Central Ethiopia/Hadiya|ET070203|score=80 ;; Analemmo|Central Ethiopia/Hadiya|ET070208|score=75 ;; Danan|Somali/Shabelle|ET050603|score=67,,ET070203,auto:in_region(score=80) -> Lemmo
Bonosha Town Administration,Central Ethiopian Region,Hadiya Zone,bonosha,Homosha|Benishangul Gumz/Assosa|ET060307|score=71 ;; Wonosho|Sidama/Sidama|ET160013|score=71 ;; Bilo Nopha|Oromia/Ilu Aba Bora|ET040315|score=70,,,auto:no_match_above_floor -> null climate
East Badawacho Woreda,Central Ethiopian Region,Hadiya Zone,east badawacho,East Imi|Somali/Shabelle|ET050601|score=85 ;; Misrak Badawacho|Central Ethiopia/Hadiya|ET070205|score=74 ;; Siraro Badawacho|Central Ethiopia/Hadiya|ET070216|score=74,,ET070205,auto:in_region(score=74) -> Misrak Badawacho
Fonko Town Administration,Central Ethiopian Region,Hadiya Zone,fonko,Sale Nono|Oromia/Ilu Aba Bora|ET040313|score=67 ;; Nono|Oromia/West Shewa|ET040508|score=66 ;; Nono Benja|Oromia/Jimma|ET040499|score=64,,,auto:no_match_above_floor -> null climate
Homecho Town Administration,Central Ethiopian Region,Hadiya Zone,homecho,Homa|Oromia/West Wellega|ET040117|score=77 ;; Lome (OR)|Oromia/East Shewa|ET040704|score=67 ;; Mecha|Amhara/West Gojam|ET030704|score=66,,,auto:no_match_above_floor -> null climate
West Badewacho Woreda,Central Ethiopian Region,Hadiya Zone,west badewacho,West Imi|Somali/Afder|ET050805|score=85 ;; Mancho|Oromia/Jimma|ET040490|score=72 ;; Wacha|South West Ethiopia/Kefa|ET110214|score=72,,ET050805,auto:global(score=85) -> West Imi
Demboya Town,Central Ethiopian Region,Kembata Zone,demboya,[SUGGESTED] Damboya|Central Ethiopia/Kembata Tembaro|ET070307|score=85 ;; Damboya|Central Ethiopia/Kembata Tembaro|ET070307|score=85 ;; West Dembiya|Amhara/Central Gondar|ET031125|score=77 ;; East Dembia|Amhara/Central Gondar|ET031111|score=69,ET070307,ET070307,auto:suggested(82-87)
Demboya Woreda,Central Ethiopian Region,Kembata Zone,demboya,[SUGGESTED] Damboya|Central Ethiopia/Kembata Tembaro|ET070307|score=85 ;; Damboya|Central Ethiopia/Kembata Tembaro|ET070307|score=85 ;; West Dembiya|Amhara/Central Gondar|ET031125|score=77 ;; East Dembia|Amhara/Central Gondar|ET031111|score=69,ET070307,ET070307,auto:suggested(82-87)
Alemgebeya Town Administration,Central Ethiopian Region,Silte Zone,alemgebeya,Ale|Oromia/Ilu Aba Bora|ET040311|score=90 ;; Alle Special|Southern Ethiopi/Alle|ET071205|score=77 ;; Dale|Sidama/Sidama|ET160004|score=77,,ET040311,auto:global(score=90) -> Ale
East Azernet Berbere Woreda,Central Ethiopian Region,Silte Zone,east azernet berbere,[SUGGESTED] Mierab Azenet Berbere|Central Ethiopia/Siltie|ET072004|score=82 ;; Berbere|Oromia/Bale|ET041114|score=90 ;; East Esite|Amhara/South Gondar|ET030208|score=85 ;; East Dembia|Amhara/Central Gondar|ET031111|score=85,ET072004,ET072004,auto:suggested(82-87)
East Silti Woreda,Central Ethiopian Region,Silte Zone,east silti,Jarso (East Hararghe)|Oromia/East Hararge|ET041002|score=85 ;; Kersa (East Hararge)|Oromia/East Hararge|ET041008|score=85 ;; Siltie|Central Ethiopia/Siltie|ET072002|score=81,,ET072002,auto:in_region(score=81) -> Siltie
Hulbareg Woreda,Central Ethiopian Region,Silte Zone,hulbareg,[SUGGESTED] Wulbareg|Central Ethiopia/Siltie|ET072008|score=87 ;; Wulbareg|Central Ethiopia/Siltie|ET072008|score=87 ;; Barey|Somali/Afder|ET050807|score=72 ;; Hulla|Sidama/Sidama|ET160007|score=72,ET072008,ET072008,auto:suggested(82-87)
Lanfuro Woreda,Central Ethiopian Region,Silte Zone,lanfuro,[SUGGESTED] Lanfero|Central Ethiopia/Siltie|ET072003|score=85 ;; Lanfero|Central Ethiopia/Siltie|ET072003|score=85 ;; Ejersa Lafo|Oromia/West Shewa|ET040590|score=65 ;; Anfilo|Oromia/Kelem Wellega|ET041807|score=61,ET072003,ET072003,auto:suggested(82-87)
West Azernet Woreda,Central Ethiopian Region,Silte Zone,west azernet,Andabet/ West Esite|Amhara/South Gondar|ET030211|score=85 ;; Jarso (West Wellega)|Oromia/West Wellega|ET040108|score=85 ;; West Imi|Somali/Afder|ET050805|score=85,,ET030211,auto:global(score=85) -> Andabet/ West Esite
Mudula Town Administration,Central Ethiopian Region,Tembaro Special Woreda,mudula,Duna|Central Ethiopia/Hadiya|ET070207|score=67 ;; Dila town|Southern Ethiopi/Gedeo|ET070507|score=67 ;; Undulu|Benishangul Gumz/Assosa|ET060308|score=66,,,auto:no_match_above_floor -> null climate
Deri Saja Zuria Woreda,Central Ethiopian Region,Yem Zone,deri saja zuria,Metu Zuria|Oromia/Ilu Aba Bora|ET040310|score=85 ;; Ambo Zuria|Oromia/West Shewa|ET040503|score=85 ;; Dila Zuria|Southern Ethiopi/Gedeo|ET070505|score=85,,ET040310,auto:global(score=85) -> Metu Zuria
Fofa Woreda,Central Ethiopian Region,Yem Zone,fofa,Ofa|Southern Ethiopi/Wolayita|ET070607|score=85 ;; Dewa Cheffa|Amhara/Oromia|ET031001|score=77 ;; Denba Gofa|Southern Ethiopi/Gofa|ET071502|score=77,,ET070607,auto:global(score=85) -> Ofa
Saja Town,Central Ethiopian Region,Yem Zone,saja,Saharti|Tigray/South Eastern|ET010601|score=67 ;; Kersa (Jimma)|Oromia/Jimma|ET040405|score=67 ;; Wara Jarso|Oromia/North Shewa (OR)|ET040601|score=67,,,auto:no_match_above_floor -> null climate
Toba Health office,Central Ethiopian Region,Yem Zone,toba,Argoba|Amhara/South Wello|ET030401|score=77 ;; Doba|Oromia/West Hararge|ET040902|score=75 ;; Goba (OR)|Oromia/Bale|ET041110|score=75,,,auto:no_match_above_floor -> null climate
Addis Ketema Operational Woreda,Dire Dawa City Administration,Addis Ketema Operational Woreda,addis ketema operational,[SUGGESTED] Addis Ketema (DD)|Dire Dawa/Dire Dawa urban|ET150109|score=85 ;; Addis Ketema|Addis Ababa/Region 14|ET140108|score=90 ;; Ejere /Addis Alem|Oromia/West Shewa|ET040511|score=85 ;; Addis Ketema (DD)|Dire Dawa/Dire Dawa urban|ET150109|score=85,ET150109,ET150109,auto:suggested(82-87)
Dire Dawa Operational Woreda,Dire Dawa City Administration,Dire Dawa Operational Woreda,dire dawa operational,Dire|Oromia/Borena|ET041211|score=90 ;; Dugda Dawa|Oromia/West Guji|ET041515|score=85 ;; Dire Teyara|Harari/Harari|ET130106|score=85,,ET041211,auto:global(score=90) -> Dire
Gendekore Operational Woreda,Dire Dawa City Administration,Gendekore Operational Woreda,gendekore operational,[SUGGESTED] Gende Kore|Dire Dawa/Dire Dawa urban|ET150110|score=85 ;; Kore|Oromia/West Arsi|ET041705|score=90 ;; Gende Kore|Dire Dawa/Dire Dawa urban|ET150110|score=85 ;; Gena|South West Ethiopia/Dawuro|ET110404|score=77,ET150110,ET150110,auto:suggested(82-87)
Goro Operational Woreda,Dire Dawa City Administration,Goro Operational Woreda,goro operational,Goro Gutu|Oromia/East Hararge|ET041010|score=85 ;; Goro Muti|Oromia/East Hararge|ET041089|score=85 ;; Goro (Bale)|Oromia/Bale|ET041116|score=85,,ET041010,auto:global(score=85) -> Goro Gutu
Melkajebdu Operational Woreda,Dire Dawa City Administration,Melkajebdu Operational Woreda,melkajebdu operational,Ale|Oromia/Ilu Aba Bora|ET040311|score=72 ;; Jeldu|Oromia/West Shewa|ET040502|score=72 ;; Merti|Oromia/Arsi|ET040801|score=72,,,auto:no_match_above_floor -> null climate
Dimma Woreda,Gambella Region,Agniwa Zone,dimma,Dima (TG)|Tigray/North Western|ET010115|score=88 ;; Kersa (Jimma)|Oromia/Jimma|ET040405|score=80 ;; Mena (Jimma)|Oromia/Jimma|ET040406|score=80,,ET010115,auto:global(score=88) -> Dima (TG)
Jor Woreda,Gambella Region,Agniwa Zone,jor,[SUGGESTED] Jore|Gambela/Agnewak|ET120204|score=85 ;; Jore|Gambela/Agnewak|ET120204|score=85 ;; Debre Tabor town|Amhara/South Gondar|ET030210|score=72 ;; Jimma Arjo|Oromia/East Wellega|ET040214|score=72,ET120204,ET120204,auto:suggested(82-87)
Wanthoa Woreda,Gambella Region,Nuer Zone,wanthoa,Homa|Oromia/West Wellega|ET040117|score=77 ;; Ofa|Southern Ethiopi/Wolayita|ET070607|score=72 ;; Wantawo|Gambela/Nuwer|ET120104|score=71,,ET120104,auto:in_region(score=71) -> Wantawo
Abba Gada Sub City,Oromia Region,Adama City Health Office,abba gada,Adwa|Tigray/Central|ET010204|score=77 ;; Adar|Afar/Awsi /Zone 1|ET020109|score=77 ;; Ada'a|Oromia/East Shewa|ET040706|score=68,,,auto:no_match_above_floor -> null climate
Boku Shenen Sub City,Oromia Region,Adama City Health Office,boku shenen,Boke|Oromia/West Hararge|ET040910|score=77 ;; Bokh|Somali/Doolo|ET050702|score=77 ;; Shone Town|Central Ethiopia/Hadiya|ET070212|score=72,,ET040910,auto:in_region(score=77) -> Boke
Dabe Sub City,Oromia Region,Adama City Health Office,dabe,Andabet/ West Esite|Amhara/South Gondar|ET030211|score=90 ;; Abergele (TG)|Tigray/Central|ET010210|score=77 ;; Inkolo Wabe|Oromia/Arsi|ET040824|score=77,,ET040824,auto:in_region(score=77) -> Inkolo Wabe
Dambela Sub City,Oromia Region,Adama City Health Office,dambela,Gambela town|Gambela/Agnewak|ET120206|score=85 ;; Kediada Gambela|Central Ethiopia/Kembata Tembaro|ET070303|score=83 ;; Dama|Oromia/Guji|ET041408|score=77,,ET041408,auto:in_region(score=77) -> Dama
Lugo Sub City,Oromia Region,Adama City Health Office,lugo,God-God|Somali/Afder|ET050899|score=68 ;; Illu Galan|Oromia/West Shewa|ET040500|score=67 ;; Kelete Awelallo|Tigray/Eastern|ET010306|score=60,,,auto:no_match_above_floor -> null climate
Bokoji Town,Oromia Region,Arsi Zone,bokoji,[SUGGESTED] Bekoji town|Oromia/Arsi|ET040894|score=83 ;; Bekoji town|Oromia/Arsi|ET040894|score=83 ;; Boke|Oromia/West Hararge|ET040910|score=77 ;; Bokh|Somali/Doolo|ET050702|score=77,ET040894,ET040894,auto:suggested(82-87)
Enkelo Wabe Woreda,Oromia Region,Arsi Zone,enkelo wabe,Inkolo Wabe|Oromia/Arsi|ET040824|score=81 ;; Awabel|Amhara/East Gojam|ET030612|score=72 ;; Worabe town|Central Ethiopia/Siltie|ET072010|score=72,,ET040824,auto:in_region(score=81) -> Inkolo Wabe
Huruta Town,Oromia Region,Arsi Zone,huruta,Haru|Oromia/West Wellega|ET040114|score=67 ;; Hurumu|Oromia/Ilu Aba Bora|ET040316|score=66 ;; Hanruka|Afar/Gabi /Zone 3|ET020307|score=61,,,auto:no_match_above_floor -> null climate
Lode Hetosa Woreda,Oromia Region,Arsi Zone,lode hetosa,Lude Hitosa|Oromia/Arsi|ET040821|score=81 ;; Hitosa|Oromia/Arsi|ET040807|score=75 ;; Gode|Somali/Shabelle|ET050604|score=73,,ET040821,auto:in_region(score=81) -> Lude Hitosa
Ticho Woreda,Oromia Region,Arsi Zone,ticho,Enticho town|Tigray/Central|ET010220|score=83 ;; Dara Otilicho|Sidama/Sidama|ET160025|score=80 ;; Shinshincho town|Central Ethiopia/Kembata Tembaro|ET070310|score=72,,,auto:no_match_above_floor -> null climate
Delo Mena Woreda,Oromia Region,Bale Zone,delo mena,Tena|Oromia/Arsi|ET040813|score=77 ;; Kena|Southern Ethiopi/Konso|ET071304|score=77 ;; Gena|South West Ethiopia/Dawuro|ET110404|score=77,,ET040813,auto:in_region(score=77) -> Tena
Dawe Kachen Woreda,Oromia Region,East Bale Zone,dawe kachen,[SUGGESTED] Dawe Ketchen|Oromia/East Bale|ET042106|score=86 ;; Dawe|Afar/Hari /Zone 5|ET020503|score=90 ;; Dawe Ketchen|Oromia/East Bale|ET042106|score=86 ;; Chena|South West Ethiopia/Kefa|ET110209|score=80,ET042106,ET042106,auto:suggested(82-87)
Dawe Serer Woreda,Oromia Region,East Bale Zone,dawe serer,Dawe|Afar/Hari /Zone 5|ET020503|score=90 ;; Dawo|Oromia/South West Shewa|ET041304|score=77 ;; Elkare /Serer|Somali/Afder|ET050804|score=72,,ET041304,auto:in_region(score=77) -> Dawo
Laga Hidha Woreda,Oromia Region,East Bale Zone,laga hidha,Lagahida|Somali/Erer|ET050407|score=88 ;; Dhas|Oromia/Borena|ET041220|score=77 ;; Lege Hida|Oromia/East Bale|ET042102|score=73,,ET041220,auto:in_region(score=77) -> Dhas
Das Woreda,Oromia Region,East Borena Zone,das,[SUGGESTED] Dhas|Oromia/Borena|ET041220|score=85 ;; Indasilassie town|Tigray/North Western|ET010108|score=90 ;; Dasenech /Kuraz|Southern Ethiopi/South Omo|ET070706|score=90 ;; Dhas|Oromia/Borena|ET041220|score=85,ET041220,ET041220,auto:suggested(82-87)
Gumi Eldalo Woreda,Oromia Region,East Borena Zone,gumi eldalo,[SUGGESTED] Gumi Idalo|Oromia/Guji|ET041497|score=85 ;; Gumi Idalo|Oromia/Guji|ET041497|score=85 ;; Dalol|Afar/Kilbati /Zone2|ET020206|score=80 ;; Yalo|Afar/Fanti /Zone 4|ET020404|score=77,ET041497,ET041497,auto:suggested(82-87)
Mada Walabu Woreda,Oromia Region,East Borena Zone,mada walabu,Meda Welabu|Oromia/Bale|ET041113|score=81 ;; Haro Walabu|Oromia/Guji|ET041490|score=72 ;; Semada|Amhara/South Gondar|ET030207|score=72,,ET041113,auto:in_region(score=81) -> Meda Welabu
West Welabu Woreda,Oromia Region,East Borena Zone,west welabu,[SUGGESTED] Jarso (West Wellega)|Oromia/West Wellega|ET040108|score=85 ;; Andabet/ West Esite|Amhara/South Gondar|ET030211|score=85 ;; Jarso (West Wellega)|Oromia/West Wellega|ET040108|score=85 ;; West Belesa|Amhara/Central Gondar|ET031116|score=72,ET040108,ET040108,auto:suggested(82-87)
Gola Oda Woreda,Oromia Region,East Hararge Zone,gola oda,[SUGGESTED] Golo Oda|Oromia/East Hararge|ET041017|score=87 ;; Golo Oda|Oromia/East Hararge|ET041017|score=87 ;; Kuni /Oda Bultum|Oromia/West Hararge|ET040911|score=85 ;; Gog|Gambela/Agnewak|ET120203|score=72,ET041017,ET041017,auto:suggested(82-87)
Mekanisa Oromo Woreda,Oromia Region,East Hararge Zone,mekanisa oromo,Meskan|Central Ethiopia/Guraghe|ET070106|score=81 ;; Ameka|Central Ethiopia/Hadiya|ET070215|score=80 ;; Meko|Oromia/Buno Bedele|ET041618|score=77,,ET041618,auto:in_region(score=77) -> Meko
Melka Bello Woreda,Oromia Region,East Hararge Zone,melka bello,[SUGGESTED] Melka Balo|Oromia/East Hararge|ET041012|score=85 ;; Melka Balo|Oromia/East Hararge|ET041012|score=85 ;; Ameka|Central Ethiopia/Hadiya|ET070215|score=72 ;; Meko|Oromia/Buno Bedele|ET041618|score=67,ET041012,ET041012,auto:suggested(82-87)
Meye Muluke Woreda,Oromia Region,East Hararge Zone,meye muluke,Meyu Muleke|Oromia/East Hararge|ET041018|score=81 ;; Meyumuluka|Somali/Erer|ET050408|score=76 ;; Ameya|Oromia/South West Shewa|ET041301|score=67,,ET041018,auto:in_region(score=81) -> Meyu Muleke
Lume Woreda,Oromia Region,East Shewa Zone,lume,Lumame town|Amhara/East Gojam|ET030622|score=80 ;; Lome (OR)|Oromia/East Shewa|ET040704|score=75 ;; Kafta Humera|Tigray/Western|ET010501|score=67,,ET040704,auto:in_region(score=75) -> Lome (OR)
Meki Town,Oromia Region,East Shewa Zone,meki,Mekhoni town|Tigray/Southern|ET010412|score=77 ;; Mekelle|Tigray/Mekelle|ET010701|score=77 ;; Mekan Eyesuse|Amhara/South Gondar|ET030298|score=77,,,auto:no_match_above_floor -> null climate
Anger Gute Town,Oromia Region,East Wellega Zone,anger gute,Wangey|Somali/Erer|ET050499|score=72 ;; Angot|Amhara/North Wello|ET030313|score=67 ;; Gera|Oromia/Jimma|ET040408|score=67,,,auto:no_match_above_floor -> null climate
Ebantu Woreda,Oromia Region,East Wellega Zone,ebantu,[SUGGESTED] Ibantu|Oromia/East Wellega|ET040202|score=83 ;; Ibantu|Oromia/East Wellega|ET040202|score=83 ;; Heban Arsi|Oromia/West Arsi|ET041783|score=68 ;; Bati|Amhara/Oromia|ET031002|score=67,ET040202,ET040202,auto:suggested(82-87)
Gudeya Bila Woreda,Oromia Region,East Wellega Zone,gudeya bila,Dila town|Southern Ethiopi/Gedeo|ET070507|score=77 ;; Godey town|Somali/Shabelle|ET050696|score=72 ;; Bui town|Central Ethiopia/Guraghe|ET070117|score=68,,,auto:no_match_above_floor -> null climate
Kiramu Woreda,Oromia Region,East Wellega Zone,kiramu,[SUGGESTED] Kiremu|Oromia/East Wellega|ET040217|score=83 ;; Kiremu|Oromia/East Wellega|ET040217|score=83 ;; Rama|Tigray/Central|ET010214|score=67 ;; Kurmuk|Benishangul Gumz/Assosa|ET060302|score=66,ET040217,ET040217,auto:suggested(82-87)
Wadara Woreda,Oromia Region,Guji Zone,wadara,[SUGGESTED] Wadera|Oromia/Guji|ET041404|score=83 ;; Adar|Afar/Awsi /Zone 1|ET020109|score=90 ;; Dara|Sidama/Sidama|ET160006|score=90 ;; Wadera|Oromia/Guji|ET041404|score=83,ET041404,ET041404,auto:suggested(82-87)
Holota Woreda,Oromia Region,Holeta Town,holota,[SUGGESTED] Holeta town|Oromia/Finfine Special|ET042020|score=83 ;; Holeta town|Oromia/Finfine Special|ET042020|score=83 ;; Mota Town|Amhara/East Gojam|ET030694|score=77 ;; Horo|Oromia/Horo Gudru Wellega|ET041901|score=67,ET042020,ET042020,auto:suggested(82-87)
Sulula Fincha Woreda,Oromia Region,Horo Guduru Wollega Zone,sulula fincha,[SUGGESTED] Sululta town|Oromia/Finfine Special|ET042005|score=83 ;; Sululta town|Oromia/Finfine Special|ET042005|score=83 ;; Fiche town|Oromia/North Shewa (OR)|ET040613|score=72 ;; Anchar|Oromia/West Hararge|ET040906|score=72,ET042005,ET042005,auto:suggested(82-87)
Doreni Woreda,Oromia Region,Ilu Aba Bora Zone,doreni,[SUGGESTED] Dorani|Oromia/Ilu Aba Bora|ET040324|score=83 ;; Dorani|Oromia/Ilu Aba Bora|ET040324|score=83 ;; Dendi|Oromia/West Shewa|ET040510|score=72 ;; Dire|Oromia/Borena|ET041211|score=67,ET040324,ET040324,auto:suggested(82-87)
Yayo Woreda,Oromia Region,Ilu Aba Bora Zone,yayo,Yaya Gulele|Oromia/North Shewa (OR)|ET040614|score=77 ;; Bokolmayo|Somali/Liban|ET050999|score=77 ;; Yalo|Afar/Fanti /Zone 4|ET020404|score=75,,ET040614,auto:in_region(score=77) -> Yaya Gulele
Chora Botor Woreda,Oromia Region,Jimma Zone,chora botor,[SUGGESTED] Chora (Buno Bedele)|Oromia/Buno Bedele|ET041603|score=85 ;; Chora (Buno Bedele)|Oromia/Buno Bedele|ET041603|score=85 ;; Tora town|Central Ethiopia/Siltie|ET072009|score=77 ;; Bora (TG)|Tigray/Southern|ET010402|score=73,ET041603,ET041603,auto:suggested(82-87)
Mencho Woreda,Oromia Region,Jimma Zone,mencho,[SUGGESTED] Mancho|Oromia/Jimma|ET040490|score=83 ;; Mancho|Oromia/Jimma|ET040490|score=83 ;; Enticho town|Tigray/Central|ET010220|score=76 ;; Mecha|Amhara/West Gojam|ET030704|score=72,ET040490,ET040490,auto:suggested(82-87)
Shabe Sombo Woreda,Oromia Region,Jimma Zone,shabe sombo,Shebe Sambo|Oromia/Jimma|ET040414|score=81 ;; Ambo town|Oromia/West Shewa|ET040515|score=77 ;; Shambu town|Oromia/Horo Gudru Wellega|ET041902|score=72,,ET040414,auto:in_region(score=81) -> Shebe Sambo
Sokoru Woreda,Oromia Region,Jimma Zone,sokoru,[SUGGESTED] Sekoru|Oromia/Jimma|ET040403|score=83 ;; Sekoru|Oromia/Jimma|ET040403|score=83 ;; Kori|Afar/Awsi /Zone 1|ET020108|score=67 ;; Kore|Oromia/West Arsi|ET041705|score=67,ET040403,ET040403,auto:suggested(82-87)
Dambi Dollo Woreda,Oromia Region,Kelem Wellega Zone,dambi dollo,Denbi Dollo town|Oromia/Kelem Wellega|ET041806|score=81 ;; Dama|Oromia/Guji|ET041408|score=77 ;; Bidu|Afar/Kilbati /Zone2|ET020208|score=67,,ET041806,auto:in_region(score=81) -> Denbi Dollo town
Sadi Chanka Woreda,Oromia Region,Kelem Wellega Zone,sadi chanka,Sedi Chenka|Oromia/Kelem Wellega|ET041812|score=81 ;; Hanruka|Afar/Gabi /Zone 3|ET020307|score=75 ;; Chwaka|Oromia/Buno Bedele|ET041623|score=75,,ET041812,auto:in_region(score=81) -> Sedi Chenka
Adele Sub City,Oromia Region,Maya Town,adele,Hadelela|Afar/Hari /Zone 5|ET020505|score=90 ;; Adete town|Amhara/West Gojam|ET030799|score=80 ;; Chora (Buno Bedele)|Oromia/Buno Bedele|ET041603|score=80,,ET041603,auto:in_region(score=80) -> Chora (Buno Bedele)
Haramaya Subcity,Oromia Region,Maya Town,haramaya,[SUGGESTED] Haromaya town|Oromia/East Hararge|ET041019|score=87 ;; Rama|Tigray/Central|ET010214|score=90 ;; Hara town|Amhara/North Wello|ET030306|score=90 ;; Haromaya town|Oromia/East Hararge|ET041019|score=87,ET041019,ET041019,auto:suggested(82-87)
Berek Woreda,Oromia Region,North Shewa Zone,berek,Bereh|Oromia/Finfine Special|ET042011|score=80 ;; Mierab Azenet Berbere|Central Ethiopia/Siltie|ET072004|score=80 ;; Misrak Azenet Berbere|Central Ethiopia/Siltie|ET072007|score=80,,ET042011,auto:in_region(score=80) -> Bereh
Chancho Town,Oromia Region,North Shewa Zone,chancho,Mancho|Oromia/Jimma|ET040490|score=76 ;; Chencha|Southern Ethiopi/Gamo|ET071010|score=71 ;; Shinshincho town|Central Ethiopia/Kembata Tembaro|ET070310|score=69,,ET040490,auto:in_region(score=76) -> Mancho
Gebra Guracha Town,Oromia Region,North Shewa Zone,gebra guracha,Wacha|South West Ethiopia/Kefa|ET110214|score=80 ;; Bishan Guracha|Oromia/West Arsi|ET041798|score=74 ;; Anchar|Oromia/West Hararge|ET040906|score=72,,ET041798,auto:in_region(score=74) -> Bishan Guracha
Lega Tafo Lega Dadhi Town Woreda,Oromia Region,North Shewa Zone,lega tafo lega dadhi,[SUGGESTED] Lege Tafo-Lege Dadi town|Oromia/Finfine Special|ET042004|score=87 ;; Lege Tafo-Lege Dadi town|Oromia/Finfine Special|ET042004|score=87 ;; Ale|Oromia/Ilu Aba Bora|ET040311|score=72 ;; Megale|Afar/Kilbati /Zone2|ET020204|score=71,ET042004,ET042004,auto:suggested(82-87)
Were Jarso Woreda,Oromia Region,North Shewa Zone,were jarso,[SUGGESTED] Jarso (West Wellega)|Oromia/West Wellega|ET040108|score=85 ;; Jarso (West Wellega)|Oromia/West Wellega|ET040108|score=85 ;; Jarso (East Hararghe)|Oromia/East Hararge|ET041002|score=85 ;; Wara Jarso|Oromia/North Shewa (OR)|ET040601|score=80,ET040108,ET040108,auto:suggested(82-87)
Furi Sub City,Oromia Region,Shagar City,furi,Dessie Zuria|Amhara/South Wello|ET030409|score=67 ;; Bahirdar Zuria|Amhara/West Gojam|ET030702|score=67 ;; Quarit|Amhara/West Gojam|ET030706|score=67,,,auto:no_match_above_floor -> null climate
Gafarsa Guje Sub City,Oromia Region,Shagar City,gafarsa guje,Farta|Amhara/South Gondar|ET030204|score=72 ;; Agarfa|Oromia/Bale|ET041104|score=72 ;; Awra (TG)|Tigray/Western|ET010507|score=67,,ET041104,auto:in_region(score=72) -> Agarfa
Laga Tafo Laga Dadhi Sub City,Oromia Region,Shagar City,laga tafo laga dadhi,Lege Tafo-Lege Dadi town|Oromia/Finfine Special|ET042004|score=78 ;; Chila|Tigray/Central|ET010201|score=68 ;; Adwa|Tigray/Central|ET010204|score=67,,ET042004,auto:in_region(score=78) -> Lege Tafo-Lege Dadi town
Mana Abichu Sub City,Oromia Region,Shagar City,mana abichu,Zana|Tigray/North Western|ET010103|score=73 ;; Ada'a|Oromia/East Shewa|ET040706|score=72 ;; Mana Sibu|Oromia/West Wellega|ET040101|score=70,,ET040706,auto:in_region(score=72) -> Ada'a
Amaya Woreda,Oromia Region,South West Shewa Zone,amaya,Haro Maya|Oromia/East Hararge|ET041006|score=80 ;; Haromaya town|Oromia/East Hararge|ET041019|score=80 ;; Ameya|Oromia/South West Shewa|ET041301|score=80,,ET041006,auto:in_region(score=80) -> Haro Maya
Kersa Mamila Woreda,Oromia Region,South West Shewa Zone,kersa mamila,[SUGGESTED] Kersa (East Hararge)|Oromia/East Hararge|ET041008|score=85 ;; Kersa (East Hararge)|Oromia/East Hararge|ET041008|score=85 ;; Kersa (Jimma)|Oromia/Jimma|ET040405|score=78 ;; Dila town|Southern Ethiopi/Gedeo|ET070507|score=77,ET041008,ET041008,auto:suggested(82-87)
Wonchi Woreda,Oromia Region,South West Shewa Zone,wonchi,[SUGGESTED] Wenchi|Oromia/South West Shewa|ET041302|score=83 ;; Wenchi|Oromia/South West Shewa|ET041302|score=83 ;; Goncha Siso Enebse|Amhara/East Gojam|ET030603|score=65 ;; Tikur Enchini|Oromia/West Shewa|ET040509|score=62,ET041302,ET041302,auto:suggested(82-87)
Nansebo Woreda,Oromia Region,West Arsi Zone,nansebo,Nenesebo|Oromia/West Arsi|ET041709|score=80 ;; Aseko|Oromia/Arsi|ET040802|score=66 ;; Zana|Tigray/North Western|ET010103|score=60,,ET041709,auto:in_region(score=80) -> Nenesebo
Gelemso Town,Oromia Region,West Hararge Zone,gelemso,Lemmo|Central Ethiopia/Hadiya|ET070203|score=66 ;; Arsi Negele|Oromia/West Arsi|ET041703|score=65 ;; Gilgel Beles town|Benishangul Gumz/Metekel|ET060200|score=65,,,auto:no_match_above_floor -> null climate
Guba Qoricha Woreda,Oromia Region,West Hararge Zone,guba qoricha,[SUGGESTED] Goba Koricha|Oromia/West Hararge|ET040907|score=83 ;; Guba|Benishangul Gumz/Metekel|ET060202|score=90 ;; Goba Koricha|Oromia/West Hararge|ET040907|score=83 ;; Boricha|Sidama/Sidama|ET160010|score=83,ET040907,ET040907,auto:suggested(82-87)
Hirna Town,Oromia Region,West Hararge Zone,hirna,Chifra|Afar/Awsi /Zone 1|ET020106|score=72 ;; Shirka|Oromia/Arsi|ET040814|score=72 ;; Siya Debirna Wayu|Amhara/North Shewa (AM)|ET030523|score=72,,ET040814,auto:in_region(score=72) -> Shirka
Mechara Micheta Town,Oromia Region,West Hararge Zone,mechara micheta,Hara town|Amhara/North Wello|ET030306|score=90 ;; Mecha|Amhara/West Gojam|ET030704|score=90 ;; Cheta|South West Ethiopia/Kefa|ET110207|score=90,,ET030306,auto:global(score=90) -> Hara town
Elfata Woreda,Oromia Region,West Shewa Zone Health Office,elfata,Zata|Tigray/Southern|ET010413|score=77 ;; Delanta|Amhara/South Wello|ET030406|score=76 ;; Farta|Amhara/South Gondar|ET030204|score=72,,,auto:no_match_above_floor -> null climate
Walmara Woreda,Oromia Region,West Shewa Zone Health Office,walmara,Awra (TG)|Tigray/Western|ET010507|score=77 ;; Hara town|Amhara/North Wello|ET030306|score=77 ;; Dara|Sidama/Sidama|ET160006|score=77,,,auto:no_match_above_floor -> null climate
Boji Choqorsa Woreda,Oromia Region,West Wollega Zone,boji choqorsa,[SUGGESTED] Boji Chekorsa|Oromia/West Wellega|ET040110|score=84 ;; Boji Chekorsa|Oromia/West Wellega|ET040110|score=84 ;; Bekoji town|Oromia/Arsi|ET040894|score=72 ;; Bora (TG)|Tigray/Southern|ET010402|score=67,ET040110,ET040110,auto:suggested(82-87)
Mene Sibu Woreda,Oromia Region,West Wollega Zone,mene sibu,Menge|Benishangul Gumz/Assosa|ET060301|score=80 ;; Mana Sibu|Oromia/West Wellega|ET040101|score=77 ;; Bui town|Central Ethiopia/Guraghe|ET070117|score=72,,ET040101,auto:in_region(score=77) -> Mana Sibu
Nedjo Rural Woreda,Oromia Region,West Wollega Zone,nedjo rural,Ale|Oromia/Ilu Aba Bora|ET040311|score=72 ;; Nejo|Oromia/West Wellega|ET040102|score=67 ;; Dedo|Oromia/Jimma|ET040410|score=67,,ET040311,auto:in_region(score=72) -> Ale
Qondala Woreda,Oromia Region,West Wollega Zone,qondala,Zala|Southern Ethiopi/Gofa|ET071503|score=77 ;; Dama|Oromia/Guji|ET041408|score=67 ;; Dila town|Southern Ethiopi/Gedeo|ET070507|score=67,,,auto:no_match_above_floor -> null climate
Weliso Town Woreda,Oromia Region,Woliso Town,weliso,[SUGGESTED] Waliso|Oromia/South West Shewa|ET041303|score=83 ;; Waliso|Oromia/South West Shewa|ET041303|score=83 ;; Woliso town|Oromia/South West Shewa|ET041311|score=83 ;; Aseliso|Dire Dawa/Dire Dawa rural|ET150201|score=76,ET041303,ET041303,auto:suggested(82-87)
Wensho Woreda,Sidama Region,Central Sidama Zone,wensho,Wonosho|Sidama/Sidama|ET160013|score=76 ;; Ensaro|Amhara/North Shewa (AM)|ET030503|score=66 ;; Dinsho|Oromia/Bale|ET041122|score=66,,ET160013,auto:in_region(score=76) -> Wonosho
Daya Town,Sidama Region,Eastern Sidama Zone,daya,Haro Maya|Oromia/East Hararge|ET041006|score=77 ;; Haromaya town|Oromia/East Hararge|ET041019|score=77 ;; Aweday town|Oromia/East Hararge|ET041099|score=77,,,auto:no_match_above_floor -> null climate
Tula Woreda,Sidama Region,Hawassa City Administration,tula,Tulefa town|Amhara/North Shewa (AM)|ET030524|score=80 ;; Tulu Awlia|Amhara/South Wello|ET030428|score=77 ;; Tuliguled|Somali/Fafan|ET050283|score=77,,,auto:no_match_above_floor -> null climate
Melga Woreda,Sidama Region,Northern Sidama Zone,melga,Malga|Sidama/Sidama|ET160012|score=80 ;; Tanqua Melashe|Tigray/Central|ET010222|score=76 ;; Megale|Afar/Kilbati /Zone2|ET020204|score=72,,ET160012,auto:in_region(score=80) -> Malga
Chareti Woreda,Somali Region,Afder Zone,chareti,[SUGGESTED] Charati|Somali/Afder|ET050802|score=85 ;; Charati|Somali/Afder|ET050802|score=85 ;; Arerti town|Amhara/North Shewa (AM)|ET030525|score=76 ;; Saharti|Tigray/South Eastern|ET010601|score=71,ET050802,ET050802,auto:suggested(82-87)
Dollo bay Woreda,Somali Region,Afder Zone,dollo bay,[SUGGESTED] Dolobay|Somali/Afder|ET050808|score=87 ;; Dolobay|Somali/Afder|ET050808|score=87 ;; Dolo Ado|Somali/Liban|ET050902|score=70 ;; Denbi Dollo town|Oromia/Kelem Wellega|ET041806|score=67,ET050808,ET050808,auto:suggested(82-87)
Elkari Woreda,Somali Region,Afder Zone,elkari,Elkare /Serer|Somali/Afder|ET050804|score=81 ;; Welkait|Tigray/Western|ET010502|score=76 ;; Melka Balo|Oromia/East Hararge|ET041012|score=68,,ET050804,auto:in_region(score=81) -> Elkare /Serer
Qooxle Woreda,Somali Region,Afder Zone,qooxle,Kohle /Qoxle|Somali/Afder|ET050898|score=81 ;; Ale|Oromia/Ilu Aba Bora|ET040311|score=72 ;; Tole|Oromia/South West Shewa|ET041308|score=67,,ET050898,auto:in_region(score=81) -> Kohle /Qoxle
West Imay Woreda,Somali Region,Afder Zone,west imay,[SUGGESTED] West Imi|Somali/Afder|ET050805|score=82 ;; Andabet/ West Esite|Amhara/South Gondar|ET030211|score=85 ;; Jarso (West Wellega)|Oromia/West Wellega|ET040108|score=85 ;; Gelana (West Guji)|Oromia/West Guji|ET041517|score=85,ET050805,ET050805,auto:suggested(82-87)
Kadadumo Woreda,Somali Region,Dawa Zone,kadadumo,Qada Duma|Somali/Daawa|ET051198|score=70 ;; Adwa|Tigray/Central|ET010204|score=67 ;; Axum town|Tigray/Central|ET010213|score=67,,ET051198,auto:in_region(score=70) -> Qada Duma
Mubarak Woreda,Somali Region,Dawa Zone,mubarak,[SUGGESTED] Mubarek|Somali/Daawa|ET051187|score=85 ;; Mubarek|Somali/Daawa|ET051187|score=85 ;; Amibara|Afar/Gabi /Zone 3|ET020301|score=71 ;; Bora (TG)|Tigray/Southern|ET010402|score=67,ET051187,ET051187,auto:suggested(82-87)
Danot Woreda,Somali Region,Dollo Zone,danot,Dano|Oromia/West Shewa|ET040507|score=88 ;; Angot|Amhara/North Wello|ET030313|score=80 ;; Danod|Somali/Doolo|ET050701|score=80,,ET050701,auto:in_region(score=80) -> Danod
Hamaro Woreda,Somali Region,Erar Zone,hamaro,[SUGGESTED] Hamero|Somali/Erer|ET050404|score=83 ;; Amaro|Southern Ethiopi/Amaro|ET072102|score=90 ;; Hamero|Somali/Erer|ET050404|score=83 ;; Agaro town|Oromia/Jimma|ET040417|score=72,ET050404,ET050404,auto:suggested(82-87)
Mayumuluqo Woreda,Somali Region,Erar Zone,mayumuluqo,Meyumuluka|Somali/Erer|ET050408|score=70 ;; Axum town|Tigray/Central|ET010213|score=67 ;; Yayu|Oromia/Ilu Aba Bora|ET040309|score=67,,ET050408,auto:in_region(score=70) -> Meyumuluka
Harorays Woreda,Somali Region,Fafan Zone,harorays,[SUGGESTED] Haroreys|Somali/Fafan|ET050298|score=87 ;; Haroreys|Somali/Fafan|ET050298|score=87 ;; Habro|Oromia/West Hararge|ET040908|score=80 ;; Hara town|Amhara/North Wello|ET030306|score=77,ET050298,ET050298,auto:suggested(82-87)
Qabribayah Woreda,Somali Region,Fafan Zone,qabribayah,Kebribayah town|Somali/Fafan|ET050296|score=80 ;; Abaya|Oromia/West Guji|ET041513|score=72 ;; Kebribeyah|Somali/Fafan|ET050206|score=70,,ET050296,auto:in_region(score=80) -> Kebribayah town
Qabribayah town Woreda,Somali Region,Fafan Zone,qabribayah,Kebribayah town|Somali/Fafan|ET050296|score=80 ;; Abaya|Oromia/West Guji|ET041513|score=72 ;; Kebribeyah|Somali/Fafan|ET050206|score=70,,ET050296,auto:in_region(score=80) -> Kebribayah town
babili Woreda,Somali Region,Fafan Zone,babili,Babile town|Oromia/East Hararge|ET041000|score=83 ;; Babile (SM)|Somali/Fafan|ET050203|score=81 ;; Babo|Oromia/West Wellega|ET040111|score=77,,ET050203,auto:in_region(score=81) -> Babile (SM)
Birqod Woreda,Somali Region,Jarar Zone,birqod,[SUGGESTED] Burqod|Somali/Jarar|ET050394|score=83 ;; Burqod|Somali/Jarar|ET050394|score=83 ;; Bui town|Central Ethiopia/Guraghe|ET070117|score=72 ;; Bidu|Afar/Kilbati /Zone2|ET020208|score=60,ET050394,ET050394,auto:suggested(82-87)
Dhagahmadaw Woreda,Somali Region,Jarar Zone,dhagahmadaw,Dawe|Afar/Hari /Zone 5|ET020503|score=77 ;; Dhas|Oromia/Borena|ET041220|score=77 ;; Dawo|Oromia/South West Shewa|ET041304|score=77,,,auto:no_match_above_floor -> null climate
Bodalay Woreda,Somali Region,Korahay Zone,bodalay,[SUGGESTED] Bodaley|Somali/Korahe|ET050599|score=85 ;; Bodaley|Somali/Korahe|ET050599|score=85 ;; Bora (TG)|Tigray/Southern|ET010402|score=67 ;; Dama|Oromia/Guji|ET041408|score=67,ET050599,ET050599,auto:suggested(82-87)
Dhoboweyn Woreda,Somali Region,Korahay Zone,dhoboweyn,Kobo town|Amhara/North Wello|ET030399|score=67 ;; Doba|Oromia/West Hararge|ET040902|score=67 ;; Boke|Oromia/West Hararge|ET040910|score=67,,,auto:no_match_above_floor -> null climate
Shaykosh Woreda,Somali Region,Korahay Zone,shaykosh,[SUGGESTED] Shaygosh|Somali/Korahe|ET050501|score=87 ;; Shaygosh|Somali/Korahe|ET050501|score=87 ;; Shashemene Zuria|Oromia/West Arsi|ET041712|score=69 ;; Shala|Oromia/West Arsi|ET041702|score=67,ET050501,ET050501,auto:suggested(82-87)
Gorabaqaqsa Woreda,Somali Region,Liben Zone,gorabaqaqsa,[SUGGESTED] Goro Baqaqsa|Somali/Liban|ET050903|score=86 ;; Goro Baqaqsa|Somali/Liban|ET050903|score=86 ;; Abaya|Oromia/West Guji|ET041513|score=72 ;; Gog|Gambela/Agnewak|ET120203|score=72,ET050903,ET050903,auto:suggested(82-87)
Karsasula Woreda,Somali Region,Liben Zone,karsasula,Asela town|Oromia/Arsi|ET040825|score=72 ;; Karat town|Southern Ethiopi/Konso|ET071301|score=72 ;; Awra (TG)|Tigray/Western|ET010507|score=67,,,auto:no_match_above_floor -> null climate
Duhun Woreda,Somali Region,Nogob Zone,duhun,Dihun|Somali/Nogob|ET051006|score=80 ;; Duguna Fango|Southern Ethiopi/Wolayita|ET070612|score=72 ;; Duna|Central Ethiopia/Hadiya|ET070207|score=66,,ET051006,auto:in_region(score=80) -> Dihun
Abaqaraw woreda,Somali Region,Shebelle Zone,abaqaraw,Quara|Amhara/West Gondar|ET031214|score=72 ;; Abaya|Oromia/West Guji|ET041513|score=72 ;; Abaala|Afar/Kilbati /Zone2|ET020203|score=71,,,auto:no_match_above_floor -> null climate
Berano Woreda,Somali Region,Shebelle Zone,berano,[SUGGESTED] Berocano|Somali/Shabelle|ET050608|score=85 ;; Berocano|Somali/Shabelle|ET050608|score=85 ;; Bero|South West Ethiopia/Mirab Omo|ET110505|score=80 ;; Dano|Oromia/West Shewa|ET040507|score=77,ET050608,ET050608,auto:suggested(82-87)
East Imey Woreda,Somali Region,Shebelle Zone,east imey,[SUGGESTED] East Imi|Somali/Shabelle|ET050601|score=82 ;; Jarso (East Hararghe)|Oromia/East Hararge|ET041002|score=85 ;; Kersa (East Hararge)|Oromia/East Hararge|ET041008|score=85 ;; East Imi|Somali/Shabelle|ET050601|score=82,ET050601,ET050601,auto:suggested(82-87)
Elele Woreda,Somali Region,Shebelle Zone,elele,Chelelektu town|Southern Ethiopi/Gedeo|ET070508|score=90 ;; Yaya Gulele|Oromia/North Shewa (OR)|ET040614|score=80 ;; Yama Logi Welel|Oromia/Kelem Wellega|ET041802|score=80,,ET070508,auto:global(score=90) -> Chelelektu town
Qalafo Woreda,Somali Region,Shebelle Zone,qalafo,Ejersa Lafo|Oromia/West Shewa|ET040590|score=75 ;; Zala|Southern Ethiopi/Gofa|ET071503|score=67 ;; Kelafo|Somali/Shabelle|ET050605|score=66,,,auto:no_match_above_floor -> null climate
Afdam Woreda,Somali Region,Sitti Zone,afdam,Adama|Oromia/East Shewa|ET040703|score=80 ;; Adama Tulu Jido Kombolcha|Oromia/East Shewa|ET040708|score=80 ;; Afdem|Somali/Siti|ET050105|score=80,,ET050105,auto:in_region(score=80) -> Afdem
Danbal Woreda,Somali Region,Sitti Zone,danbal,Dano|Oromia/West Shewa|ET040507|score=77 ;; Dabat|Amhara/North Gondar|ET030105|score=72 ;; Adaba|Oromia/West Arsi|ET041710|score=72,,,auto:no_match_above_floor -> null climate
Daymeed Woreda,Somali Region,Sitti Zone,daymeed,Daye town|Sidama/Sidama|ET160030|score=77 ;; Dama|Oromia/Guji|ET041408|score=67 ;; Adiss Kidame town|Amhara/Awi|ET030910|score=65,,,auto:no_match_above_floor -> null climate
Dhunyar Woho,Somali Region,Sitti Zone,dhunyar,Duna|Central Ethiopia/Hadiya|ET070207|score=72 ;; Guna|Oromia/Arsi|ET040819|score=67 ;; Dihun|Somali/Nogob|ET051006|score=66,,,auto:no_match_above_floor -> null climate
Maeso Woreda,Somali Region,Sitti Zone,maeso,Mieso|Oromia/West Hararge|ET040901|score=80 ;; Miesso|Somali/Siti|ET050107|score=72 ;; Mareko|Central Ethiopia/Guraghe|ET070107|score=72,,ET050107,auto:in_region(score=72) -> Miesso
Baka Dawula Woreda,South Ethiopia Region,Aari Zone,baka dawula,Boko Dawula|Southern Ethiopi/South Omo|ET070710|score=81 ;; Sawla town|Southern Ethiopi/Gofa|ET071507|score=72 ;; Ada'a|Oromia/East Shewa|ET040706|score=68,,ET070710,auto:in_region(score=81) -> Boko Dawula
Gazer Town Administration,South Ethiopia Region,Aari Zone,gazer,Gasera|Oromia/Bale|ET041106|score=72 ;; Gedebano Gutazer Welene|Central Ethiopia/Guraghe|ET070104|score=72 ;; Geraleta|Tigray/Eastern|ET010317|score=67,,,auto:no_match_above_floor -> null climate
Gelila Town Administration,South Ethiopia Region,Aari Zone,gelila,Dila town|Southern Ethiopi/Gedeo|ET070507|score=77 ;; Egela|Tigray/Central|ET010216|score=72 ;; Kinfaz Begela|Amhara/Central Gondar|ET031122|score=72,,ET070507,auto:in_region(score=77) -> Dila town
Woba Ari Woreda,South Ethiopia Region,Aari Zone,woba ari,Wub Ari|Southern Ethiopi/South Omo|ET070711|score=80 ;; Doba|Oromia/West Hararge|ET040902|score=73 ;; Goba (OR)|Oromia/Bale|ET041110|score=73,,ET070711,auto:in_region(score=80) -> Wub Ari
Kolango Town Administration,South Ethiopia Region,Ale Zone,kolango,Gog|Gambela/Agnewak|ET120203|score=72 ;; Goljano|Somali/Fafan|ET050290|score=71 ;; Ofla|Tigray/Southern|ET010408|score=67,,,auto:no_match_above_floor -> null climate
Kolango Zuria Woreda,South Ethiopia Region,Ale Zone,kolango zuria,Angot|Amhara/North Wello|ET030313|score=72 ;; Ambo Zuria|Oromia/West Shewa|ET040503|score=69 ;; Dila Zuria|Southern Ethiopi/Gedeo|ET070505|score=69,,,auto:no_match_above_floor -> null climate
Laska Town Administration,South Ethiopia Region,Basketo Zone,laska,Lasta|Amhara/North Wello|ET030310|score=80 ;; Damot Pullasa|Southern Ethiopi/Wolayita|ET070611|score=80 ;; Gedeb Asasa|Oromia/West Arsi|ET041706|score=67,,ET070611,auto:in_region(score=80) -> Damot Pullasa
Laska Zuria Woreda,South Ethiopia Region,Basketo Zone,laska zuria,Dila Zuria|Southern Ethiopi/Gedeo|ET070505|score=76 ;; Hawassa Zuria|Sidama/Sidama|ET160002|score=75 ;; Karat Zuria|Southern Ethiopi/Konso|ET071303|score=72,,ET070505,auto:in_region(score=76) -> Dila Zuria
Soyama Town Administration,South Ethiopia Region,Burji Zone,soyama,Rama|Tigray/Central|ET010214|score=77 ;; Jama|Amhara/South Wello|ET030414|score=77 ;; Dama|Oromia/Guji|ET041408|score=77,,,auto:no_match_above_floor -> null climate
Soyama Zuria Woreda,South Ethiopia Region,Burji Zone,soyama zuria,Ambo Zuria|Oromia/West Shewa|ET040503|score=72 ;; Sodo Zuria|Southern Ethiopi/Wolayita|ET070605|score=72 ;; Bona Zuria|Sidama/Sidama|ET160017|score=72,,ET070605,auto:in_region(score=72) -> Sodo Zuria
Birbir Town Administration,South Ethiopia Region,Gamo Zone,birbir,Birbirsa Kojowa|Oromia/West Guji|ET041596|score=90 ;; Bui town|Central Ethiopia/Guraghe|ET070117|score=72 ;; Limu Bilbilo|Oromia/Arsi|ET040818|score=62,,ET041596,auto:global(score=90) -> Birbirsa Kojowa
Kamba Town Administration,South Ethiopia Region,Gamo Zone,kamba,Amba Giorgis town|Amhara/Central Gondar|ET031103|score=80 ;; Nole Kaba|Oromia/West Wellega|ET040115|score=80 ;; Kemba|Southern Ethiopi/Gamo|ET071011|score=80,,ET071011,auto:in_region(score=80) -> Kemba
Kamba Zuria Woreda,South Ethiopia Region,Gamo Zone,kamba zuria,Ambo Zuria|Oromia/West Shewa|ET040503|score=85 ;; Gambela Zuria|Gambela/Agnewak|ET120202|score=83 ;; Karat Zuria|Southern Ethiopi/Konso|ET071303|score=81,,ET071303,auto:in_region(score=81) -> Karat Zuria
Zefine Town Administration,South Ethiopia Region,Gamo Zone,zefine,Gelana (Finfine)|Oromia/Finfine Special|ET042098|score=72 ;; Mierab Azenet Berbere|Central Ethiopia/Siltie|ET072004|score=62 ;; Misrak Azenet Berbere|Central Ethiopia/Siltie|ET072007|score=62,,,auto:no_match_above_floor -> null climate
Gidole Town Administration,South Ethiopia Region,Gardula Zone,gidole,Tole|Oromia/South West Shewa|ET041308|score=77 ;; Bole|Addis Ababa/Region 14|ET140104|score=77 ;; Gudetu Kondole|Oromia/West Wellega|ET040109|score=72,,,auto:no_match_above_floor -> null climate
Choriso Woreda,South Ethiopia Region,Gedeo Zone,choriso,Churso|Southern Ethiopi/Gedeo|ET070510|score=76 ;; Horo|Oromia/Horo Gudru Wellega|ET041901|score=72 ;; Kori|Afar/Awsi /Zone 1|ET020108|score=67,,ET070510,auto:in_region(score=76) -> Churso
Kochore Woreda,South Ethiopia Region,Gedeo Zone,kochore,[SUGGESTED] Kochere|Southern Ethiopi/Gedeo|ET070503|score=85 ;; Kochere|Southern Ethiopi/Gedeo|ET070503|score=85 ;; Bore|Oromia/Guji|ET041402|score=77 ;; Kore|Oromia/West Arsi|ET041705|score=77,ET070503,ET070503,auto:suggested(82-87)
Beto Town Administration,South Ethiopia Region,Gofa Zone,beto,Agew Gimija Bet|Amhara/Awi|ET030909|score=77 ;; Bero|South West Ethiopia/Mirab Omo|ET110505|score=75 ;; Dure Bete|Amhara/West Gojam|ET030719|score=73,,,auto:no_match_above_floor -> null climate
Bulki Town Administration,South Ethiopia Region,Gofa Zone,bulki,Bui town|Central Ethiopia/Guraghe|ET070117|score=75 ;; Bulike town|Southern Ethiopi/Gofa|ET071508|score=72 ;; Harena Buluk|Oromia/Bale|ET041111|score=72,,ET071508,auto:in_region(score=72) -> Bulike town
Galma Town Administration,South Ethiopia Region,Gofa Zone,galma,Hadhagala|Somali/Siti|ET050106|score=80 ;; Illu Galan|Oromia/West Shewa|ET040500|score=76 ;; Hawa Galan|Oromia/Kelem Wellega|ET041801|score=76,,,auto:no_match_above_floor -> null climate
Laha Town Administration,South Ethiopia Region,Gofa Zone,laha,Salahad|Somali/Erer|ET050403|score=90 ;; Tahtay Adiyabo|Tigray/North Western|ET010101|score=67 ;; Tahtay Koraro|Tigray/North Western|ET010104|score=67,,ET050403,auto:global(score=90) -> Salahad
Kolme Woreda,South Ethiopia Region,Konso Zone,kolme,Sherkole|Benishangul Gumz/Assosa|ET060304|score=80 ;; Kofele|Oromia/West Arsi|ET041704|score=72 ;; Kohle /Qoxle|Somali/Afder|ET050898|score=72,,,auto:no_match_above_floor -> null climate
Gorka Woreda,South Ethiopia Region,Koore zone,gorka,Gora Dola|Oromia/Guji|ET041413|score=80 ;; Gog|Gambela/Agnewak|ET120203|score=72 ;; Janamora|Amhara/North Gondar|ET030103|score=67,,,auto:no_match_above_floor -> null climate
Kele Town,South Ethiopia Region,Koore zone,kele,Kelete Awelallo|Tigray/Eastern|ET010306|score=90 ;; Kelela|Amhara/South Wello|ET030413|score=90 ;; Kofele|Oromia/West Arsi|ET041704|score=80,,ET010306,auto:global(score=90) -> Kelete Awelallo
Sarmale Woreda,South Ethiopia Region,Koore zone,sarmale,Ale|Oromia/Ilu Aba Bora|ET040311|score=90 ;; Alle Special|Southern Ethiopi/Alle|ET071205|score=77 ;; Dale|Sidama/Sidama|ET160004|score=77,,ET071205,auto:in_region(score=77) -> Alle Special
Gnangatom Woreda,South Ethiopia Region,South Omo Zone,gnangatom,[SUGGESTED] Nyngatom|Southern Ethiopi/South Omo|ET070708|score=82 ;; Nyngatom|Southern Ethiopi/South Omo|ET070708|score=82 ;; Guna|Oromia/Arsi|ET040819|score=77 ;; Gena|South West Ethiopia/Dawuro|ET110404|score=77,ET070708,ET070708,auto:suggested(82-87)
Turmi Town Administration,South Ethiopia Region,South Omo Zone,turmi,Kuni /Oda Bultum|Oromia/West Hararge|ET040911|score=67 ;; Dessie Zuria|Amhara/South Wello|ET030409|score=60 ;; Bahirdar Zuria|Amhara/West Gojam|ET030702|score=60,,,auto:no_match_above_floor -> null climate
Bele Hawassa Town,South Ethiopia Region,Wolaita Zone,bele hawassa,Hawasa town|Sidama/Sidama|ET160018|score=75 ;; Awash|Afar/Gabi /Zone 3|ET020302|score=72 ;; Bedele town|Oromia/Buno Bedele|ET041621|score=72,,ET160018,override: Hawasa town (Bele is a sub-unit of Hawassa)
Dimtu Town Administration,South Ethiopia Region,Wolaita Zone,dimtu,Darimu|Oromia/Ilu Aba Bora|ET040301|score=72 ;; Dig|Somali/Jarar|ET050399|score=72 ;; Haro Limu|Oromia/East Wellega|ET040204|score=67,,,auto:no_match_above_floor -> null climate
Offa Woreda,South Ethiopia Region,Wolaita Zone,offa,[SUGGESTED] Ofa|Southern Ethiopi/Wolayita|ET070607|score=85 ;; Ofa|Southern Ethiopi/Wolayita|ET070607|score=85 ;; Dewa Cheffa|Amhara/Oromia|ET031001|score=77 ;; Denba Gofa|Southern Ethiopi/Gofa|ET071502|score=77,ET070607,ET070607,auto:suggested(82-87)
North Bench Worda,South West Ethiopia Region,Bench Sheko Zone,north bench,Wenchi|Oromia/South West Shewa|ET041302|score=72 ;; North Ari|Southern Ethiopi/South Omo|ET070703|score=67 ;; Shay Bench|South West Ethiopia/Bench Sheko|ET110304|score=66,,,auto:no_match_above_floor -> null climate
Siz Town Administration,South West Ethiopia Region,Bench Sheko Zone,siz,[SUGGESTED] Size town|South West Ethiopia/Bench Sheko|ET110308|score=85 ;; Size town|South West Ethiopia/Bench Sheko|ET110308|score=85 ;; Endafelasi|Tigray/Central|ET010218|score=72 ;; Siya Debirna Wayu|Amhara/North Shewa (AM)|ET030523|score=72,ET110308,ET110308,auto:suggested(82-87)
South Bench Woreda,South West Ethiopia Region,Bench Sheko Zone,south bench,Shay Bench|South West Ethiopia/Bench Sheko|ET110304|score=76 ;; Wenchi|Oromia/South West Shewa|ET041302|score=72 ;; South Ari|Southern Ethiopi/South Omo|ET070702|score=67,,ET110304,auto:in_region(score=76) -> Shay Bench
Essera Bale Town Admnistration,South West Ethiopia Region,Dawro Zone,essera bale town admnistration,Mena (Bale)|Oromia/Bale|ET041112|score=85 ;; Goro (Bale)|Oromia/Bale|ET041116|score=85 ;; Gololcha Bale|Oromia/East Bale|ET042101|score=85,,ET041112,auto:global(score=85) -> Mena (Bale)
Kechi worda,South West Ethiopia Region,Dawro Zone,kechi,Gechi|Oromia/Buno Bedele|ET041606|score=80 ;; Kachi|South West Ethiopia/Dawuro|ET110406|score=80 ;; Wenchi|Oromia/South West Shewa|ET041302|score=72,,ET110406,auto:in_region(score=80) -> Kachi
Awurada Town Administration WOrHO,South West Ethiopia Region,Kaffa Zone,awurada,Arada|Addis Ababa/Region 14|ET140109|score=83 ;; Adwa|Tigray/Central|ET010204|score=77 ;; Adar|Afar/Awsi /Zone 1|ET020109|score=77,,,auto:no_match_above_floor -> null climate
Deka Town Administration,South West Ethiopia Region,Kaffa Zone,deka,Deka Suftu|Somali/Liban|ET050991|score=90 ;; Selekleka|Tigray/North Western|ET010109|score=77 ;; Limu Seka|Oromia/Jimma|ET040401|score=77,,ET050991,auto:global(score=90) -> Deka Suftu
Shishinda Town Administration,South West Ethiopia Region,Kaffa Zone,shishinda,Shinshincho town|Central Ethiopia/Kembata Tembaro|ET070310|score=70 ;; Shisho Ande|South West Ethiopia/Kefa|ET110213|score=70 ;; Jida|Oromia/North Shewa (OR)|ET040615|score=67,,ET110213,auto:in_region(score=70) -> Shisho Ande
Shishoinde Woreda,South West Ethiopia Region,Kaffa Zone,shishoinde,[SUGGESTED] Shisho Ande|South West Ethiopia/Kefa|ET110213|score=85 ;; Shisho Ande|South West Ethiopia/Kefa|ET110213|score=85 ;; Shone Town|Central Ethiopia/Hadiya|ET070212|score=72 ;; Sofi|Harari/Harari|ET130101|score=67,ET110213,ET110213,auto:suggested(82-87)
Tello Woreda,South West Ethiopia Region,Kaffa Zone,tello,Tullo|South West Ethiopia/Kefa|ET110206|score=80 ;; Kelete Awelallo|Tigray/Eastern|ET010306|score=67 ;; Denbi Dollo town|Oromia/Kelem Wellega|ET041806|score=67,,ET110206,auto:in_region(score=80) -> Tullo
Ameya Zuria woreda,South West Ethiopia Region,Konta Zone,ameya zuria,Ameya|Oromia/South West Shewa|ET041301|score=90 ;; Gambela Zuria|Gambela/Agnewak|ET120202|score=83 ;; Metu Zuria|Oromia/Ilu Aba Bora|ET040310|score=76,,ET041301,auto:global(score=90) -> Ameya
Chida Town Admininistration,South West Ethiopia Region,Konta Zone,chida town admininistration,Chila|Tigray/Central|ET010201|score=72 ;; Isara|South West Ethiopia/Dawuro|ET110405|score=72 ;; Bati|Amhara/Oromia|ET031002|score=67,,ET110405,auto:in_region(score=72) -> Isara
Ela Hanchano woreda,South West Ethiopia Region,Konta Zone,ela hanchano,Dano|Oromia/West Shewa|ET040507|score=77 ;; Anchar|Oromia/West Hararge|ET040906|score=75 ;; Wacha|South West Ethiopia/Kefa|ET110214|score=72,,ET110214,auto:in_region(score=72) -> Wacha
Bachuma Town Administration,South West Ethiopia Region,West Omo Zone,bachuma,Homa|Oromia/West Wellega|ET040117|score=67 ;; Wacha|South West Ethiopia/Kefa|ET110214|score=66 ;; Bishan Guracha|Oromia/West Arsi|ET041798|score=65,,,auto:no_match_above_floor -> null climate
Jemu Town Administration,South West Ethiopia Region,West Omo Zone,jemu,Kiremu|Oromia/East Wellega|ET040217|score=77 ;; Jeju|Oromia/Arsi|ET040804|score=75 ;; Sede Muja|Amhara/South Gondar|ET030214|score=67,,,auto:no_match_above_floor -> null climate
Suri Woreda,South West Ethiopia Region,West Omo Zone,suri,Suro Berguda|Oromia/West Guji|ET041594|score=77 ;; Dessie Zuria|Amhara/South Wello|ET030409|score=67 ;; Bahirdar Zuria|Amhara/West Gojam|ET030702|score=67,,,auto:no_match_above_floor -> null climate
Ahsia Woreda,Tigray Region,Central Zone,ahsia,Ahsea|Tigray/Central|ET010215|score=80 ;; Sahila|Amhara/Wag Hamra|ET030806|score=72 ;; Sasiga|Oromia/East Wellega|ET040211|score=72,,ET010215,auto:in_region(score=80) -> Ahsea
Endaba Tsahma Woreda,Tigray Region,Central Zone,endaba tsahma,Homa|Oromia/West Wellega|ET040117|score=77 ;; Dabat|Amhara/North Gondar|ET030105|score=72 ;; Adaba|Oromia/West Arsi|ET041710|score=72,,,auto:no_match_above_floor -> null climate
Maykenetal woreda,Tigray Region,Central Zone,maykenetal,Tenta|Amhara/South Wello|ET030402|score=72 ;; Kewet|Amhara/North Shewa (AM)|ET030512|score=72 ;; Aykel town|Amhara/Central Gondar|ET031199|score=72,,,auto:no_match_above_floor -> null climate
Atsibi Endaslasie Town,Tigray Region,Eastern Zone,atsibi endaslasie,Atsbi|Tigray/Eastern|ET010307|score=80 ;; Sire|Oromia/Arsi|ET040820|score=77 ;; Size town|South West Ethiopia/Bench Sheko|ET110308|score=77,,ET010307,auto:in_region(score=80) -> Atsbi
Erop Woreda,Tigray Region,Eastern Zone,erop,Adi Daero|Tigray/North Western|ET010111|score=77 ;; Hamero|Somali/Erer|ET050404|score=77 ;; Hadero town|Central Ethiopia/Kembata Tembaro|ET070312|score=77,,ET010111,auto:in_region(score=77) -> Adi Daero
Freweini Town,Tigray Region,Eastern Zone,freweini,[SUGGESTED] Freweyni town|Tigray/Eastern|ET010313|score=87 ;; Freweyni town|Tigray/Eastern|ET010313|score=87 ;; Ginir|Oromia/East Bale|ET042103|score=67 ;; Mendi town|Oromia/West Wellega|ET040198|score=60,ET010313,ET010313,auto:suggested(82-87)
Gerealta Woreda,Tigray Region,Eastern Zone,gerealta,[SUGGESTED] Geraleta|Tigray/Eastern|ET010317|score=87 ;; Geraleta|Tigray/Eastern|ET010317|score=87 ;; Gera|Oromia/Jimma|ET040408|score=77 ;; Gewata|South West Ethiopia/Kefa|ET110203|score=71,ET010317,ET010317,auto:suggested(82-87)
Klite Awlaelo Woreda,Tigray Region,Eastern Zone,klite awlaelo,Kelete Awelallo|Tigray/Eastern|ET010306|score=78 ;; Sawla town|Southern Ethiopi/Gofa|ET071507|score=76 ;; Awabel|Amhara/East Gojam|ET030612|score=75,,ET010306,auto:in_region(score=78) -> Kelete Awelallo
Tsiraewomberta Woreda,Tigray Region,Eastern Zone,tsiraewomberta,Merti|Oromia/Arsi|ET040801|score=72 ;; Wembera|Benishangul Gumz/Metekel|ET060203|score=69 ;; Atsbi|Tigray/Eastern|ET010307|score=67,,,auto:no_match_above_floor -> null climate
Adi Haki Woreda,Tigray Region,Mekelle Zone,adi haki,Hakim|Harari/Harari|ET130104|score=80 ;; Abi Adi town|Tigray/Central|ET010211|score=76 ;; Adiss Kidame town|Amhara/Awi|ET030910|score=67,,ET010211,auto:in_region(score=76) -> Abi Adi town
Ayder Woreda,Tigray Region,Mekelle Zone,ayder,Naeder|Tigray/Central|ET010209|score=72 ;; Afdera|Afar/Kilbati /Zone2|ET020207|score=72 ;; Wadera|Oromia/Guji|ET041404|score=72,,ET010209,auto:in_region(score=72) -> Naeder
Hadnet Woreda,Tigray Region,Mekelle Zone,hadnet,Adet|Tigray/Central|ET010207|score=80 ;; Adete town|Amhara/West Gojam|ET030799|score=72 ;; Hudet|Somali/Daawa|ET051104|score=72,,ET010207,auto:in_region(score=80) -> Adet
Hawelti Woreda,Tigray Region,Mekelle Zone,hawelti,Hawela|Sidama/Sidama|ET160023|score=76 ;; Dawe|Afar/Hari /Zone 5|ET020503|score=67 ;; Pawe|Benishangul Gumz/Metekel|ET060206|score=67,,,auto:no_match_above_floor -> null climate
Qedamay Woyane Woreda,Tigray Region,Mekelle Zone,qedamay woyane,Dama|Oromia/Guji|ET041408|score=90 ;; Adama|Oromia/East Shewa|ET040703|score=72 ;; Dima (TG)|Tigray/North Western|ET010115|score=67,,ET041408,auto:global(score=90) -> Dama
Quiha Woreda,Tigray Region,Mekelle Zone,quiha,Gendawuha town|Amhara/West Gondar|ET031292|score=67 ;; Qubi|Somali/Erer|ET050497|score=66 ;; Tanqua Melashe|Tigray/Central|ET010222|score=64,,,auto:no_match_above_floor -> null climate
Semen Woreda,Tigray Region,Mekelle Zone,semen,Semen Achefer|Amhara/West Gojam|ET030701|score=90 ;; Semen Bench|South West Ethiopia/Bench Sheko|ET110305|score=90 ;; Adiss Zemen town|Amhara/South Gondar|ET030299|score=80,,ET030701,auto:global(score=90) -> Semen Achefer
Laelay Qoraro Woreda Health Office,Tigray Region,North Western Zone,laelay qoraro,Lare|Gambela/Nuwer|ET120102|score=77 ;; Asela town|Oromia/Arsi|ET040825|score=72 ;; Siraro|Oromia/West Arsi|ET041701|score=72,,,auto:no_match_above_floor -> null climate
Maekelay Adeyabo,Tigray Region,North Western Zone,maekelay adeyabo,Mekdela|Amhara/South Wello|ET030421|score=77 ;; Babo|Oromia/West Wellega|ET040111|score=77 ;; Ambo town|Oromia/West Shewa|ET040515|score=77,,,auto:no_match_above_floor -> null climate
Shire Endasilase Woreda,Tigray Region,North Western Zone,shire endasilase,Chire|Sidama/Sidama|ET160014|score=76 ;; Indasilassie town|Tigray/North Western|ET010108|score=74 ;; Sire|Oromia/Arsi|ET040820|score=73,,ET010108,auto:in_region(score=74) -> Indasilassie town
Adigudem Town,Tigray Region,South Eastern Zone,adigudem,[SUGGESTED] Adigudom|Tigray/South Eastern|ET010607|score=87 ;; Dig|Somali/Jarar|ET050399|score=90 ;; Adigudom|Tigray/South Eastern|ET010607|score=87 ;; Diga|Oromia/East Wellega|ET040210|score=67,ET010607,ET010607,auto:suggested(82-87)
Seharti Woreda,Tigray Region,South Eastern Zone,seharti,[SUGGESTED] Saharti|Tigray/South Eastern|ET010601|score=85 ;; Saharti|Tigray/South Eastern|ET010601|score=85 ;; Charati|Somali/Afder|ET050802|score=71 ;; Hara town|Amhara/North Wello|ET030306|score=67,ET010601,ET010601,auto:suggested(82-87)
Wajerat Wereda,Tigray Region,South Eastern Zone,wajerat,[SUGGESTED] Wajirat|Tigray/South Eastern|ET010608|score=85 ;; Wajirat|Tigray/South Eastern|ET010608|score=85 ;; Wadera|Oromia/Guji|ET041404|score=76 ;; Wera|Central Ethiopia/Halaba|ET071402|score=72,ET010608,ET010608,auto:suggested(82-87)
Neksege Woreda,Tigray Region,Southern Zone,neksege,[SUGGESTED] Neqsege|Tigray/Southern|ET010403|score=85 ;; Neqsege|Tigray/Southern|ET010403|score=85 ;; Nekemte town|Oromia/East Wellega|ET040297|score=71 ;; Abeshege|Central Ethiopia/Guraghe|ET070102|score=66,ET010403,ET010403,auto:suggested(82-87)
